地区,指标,2019年12月,2019年11月,2019年10月,2019年9月,2019年8月,2019年7月,2019年6月,2019年5月,2019年4月,2019年3月,2019年2月,2019年1月,2018年12月,2018年11月,2018年10月,2018年9月,2018年8月,2018年7月,2018年6月,2018年5月,2018年4月,2018年3月,2018年2月,2018年1月,2017年12月,2017年11月,2017年10月,2017年9月,2017年8月,2017年7月,2017年6月,2017年5月,2017年4月,2017年3月,2017年2月,2017年1月
河南,房地产投资累计值(亿元),7464.59,6631.26,5879.16,5194.01,4499.98,3871.3,3261.12,2516.6,1818.22,1196.96,537.26,,7015.47,6226.48,5472.9,4840.23,4212.27,3664.12,3131.32,2417.75,1781.92,1138.65,511.14,,7090.25,6315.64,5603.92,4868.25,4197.71,3560.02,2965.95,2180.86,1573.97,1005.97,451.76,
河南,房地产投资累计增长(%),6.4,6.5,7.4,7.3,6.8,5.7,4.1,4.1,2,5.1,5.1,,-1.1,-1.4,-2.3,-0.6,0.3,2.9,5.6,10.9,13.2,13.2,13.1,,14.7,15.5,17.4,18.3,19.1,20.2,22.9,24,24.7,25.2,24.4,
河南,房地产住宅投资累计值(亿元),6055.37,5380.75,4751.96,4200.36,3647.5,3142.77,2631.9,2035.37,1452.42,955.98,425.73,,5387.62,4768.44,4172.79,3707.18,3222.63,2780.67,2365.34,1826.22,1331.32,836.03,379.83,,5330.8,4746.56,4209.94,3646.87,3134.19,2639.13,2192.82,1602.08,1154.23,735.89,335.95,
河南,房地产住宅投资累计增长(%),12.4,12.8,13.9,13.3,13.2,13,11.3,11.5,9.1,14.3,12.1,,1.1,0.5,-0.9,1.7,2.8,5.4,7.9,14,15.3,13.6,13.1,,17,17.2,18.4,18.7,19.2,19.4,22.3,23.6,26.3,26.3,26.2,
青海,房地产投资累计值(亿元),406.29,394.85,340.25,288.92,250.23,211.8,159.41,77.05,39.88,11.23,0.73,,351.82,344.33,310.66,272.18,262.18,213.38,161.44,99.49,54.57,18.7,1.56,,408.59,407.49,359.87,302.61,251.69,196.2,142.61,82.04,47.87,14.94,3.07,
青海,房地产投资累计增长(%),15.5,14.7,9.5,6.1,-4.6,-0.7,-1.3,-22.6,-26.9,-39.9,-52.9,,-13.9,-15.5,-13.7,-10.1,4.2,8.8,13.2,21.3,14,25.2,-49.2,,2.9,3.9,2.7,2.8,0.6,-3.4,-5.9,-10.4,-5.3,3.6,17.4,
青海,房地产住宅投资累计值(亿元),294.08,286.15,246.04,207,178.81,151.57,113.18,52.06,26.32,6.75,0.58,,215.89,211.1,190.88,164.82,158.44,127.05,95.8,62.02,34,9.96,0.66,,213.66,215.01,188.81,159.2,133.88,105.17,79.07,45.53,26.47,7.41,2.08,
青海,房地产住宅投资累计增长(%),36.2,35.6,28.9,25.6,12.9,19.3,18.1,-16.1,-22.6,-32.3,-12.2,,1,-1.8,1.1,3.5,18.3,20.8,21.2,36.2,28.4,34.4,-68.3,,-6.2,-4.3,-7.2,-8.2,-7.8,-8.2,-6.1,-5.1,9.3,5,17.4,
河北,房地产投资累计值(亿元),4347.05,4112.55,3762.03,3400.12,2962.48,2545.56,2104.86,1369.99,953.89,591.67,177.61,,4476.4,4182.55,3844.95,3438.03,2905.76,2423.13,1963.99,1405.37,961.76,600.17,208.54,,4823.91,4580.23,4228.54,3757.59,3202.03,2702.71,2239.79,1657.59,1167.02,717.94,220.49,
河北,房地产投资累计增长(%),-2.9,-1.7,-2.2,-1.1,2,5.1,7.2,-2.5,-0.8,-1.4,-14.8,,-7.2,-8.7,-9.1,-8.5,-9.3,-10.3,-12.3,-15.2,-17.6,-16.4,-5.4,,2.7,3.2,4,5,5.3,5.9,6.2,8.4,8.9,4.8,6.8,
河北,房地产住宅投资累计值(亿元),3455.74,3264.14,2985.53,2697.45,2350.38,2018.07,1656.06,1087.47,756.78,467.9,136.89,,3471.11,3248.97,2984.91,2671.61,2255.2,1875.82,1522.58,1089.32,740.45,463.05,159.36,,3656.98,3475.45,3206.03,2848.51,2427.31,2047.74,1686.3,1248.05,864.65,516.42,152.91,
河北,房地产住宅投资累计增长(%),-0.4,0.5,0,1,4.2,7.6,8.8,-0.2,2.2,1,-14.1,,-5.1,-6.5,-6.9,-6.2,-7.1,-8.4,-9.7,-12.7,-14.4,-10.3,4.2,,5.2,6.1,6.8,8,8.8,10.1,9.7,10.6,9.1,1.2,-4,
新疆维吾尔族自治区,房地产投资累计值(亿元),1074.04,1027.8,896.09,702.06,539.08,400.79,253.59,154.36,78.73,31.67,12.46,,1033.44,983.74,851.46,650.01,520.77,380.48,243.49,122.48,70.15,29.01,13.28,,1037.86,1025.09,949.04,813.43,665.33,520.71,382.13,222.41,103.47,41.44,10.92,
新疆维吾尔族自治区,房地产投资累计增长(%),3.9,4.5,5.2,8,3.5,5.3,4.1,26,12.2,9.2,-6.1,,-0.4,-4,-10.3,-20.1,-21.7,-26.9,-36.3,-44.9,-32.2,-30,21.6,,12.4,13.9,15.4,12.4,11.2,10.7,14.6,1.3,0,17.4,-6.2,
新疆维吾尔族自治区,房地产住宅投资累计值(亿元),724.13,692.88,599.76,469.64,362.56,268.32,168.69,100.16,48.43,21.27,8.64,,642.48,612.01,520.91,389.19,311.05,222.52,147.42,77.61,44.26,17.29,7.65,,588.25,578.49,538.23,461.18,370.52,291.58,215.84,120.64,53.23,20.98,5.55,
新疆维吾尔族自治区,房地产住宅投资累计增长(%),12.7,13.2,15.1,20.7,16.6,20.6,14.4,29.1,9.4,23,12.9,,9.2,5.8,-3.2,-15.6,-16.1,-23.7,-31.7,-35.7,-16.8,-17.6,37.8,,13.4,14.4,16.2,12.3,9.4,9.6,11.7,-6.3,-13.1,14.7,-8.1,
宁夏回族自治区,房地产投资累计值(亿元),403.09,380.16,345.37,306.7,248.84,204.72,157.15,107.4,69.33,34.13,5.37,,449.57,430.18,387.03,342.39,291.3,245.14,198.21,127.81,86.85,37.66,5.76,,652.84,620.38,548.4,479.55,400.42,314.79,254.31,161.71,96.99,48.68,6.5,
宁夏回族自治区,房地产投资累计增长(%),-10.3,-11.6,-10.8,-10.4,-14.6,-16.5,-20.7,-16,-20.2,-9.4,-6.7,,-31.1,-30.7,-29.4,-28.6,-27.3,-22.1,-22.1,-21,-10.4,-22.6,-11.4,,-10.3,-7.1,-9.7,-10.1,-6.5,1,2.2,-1,-2.4,-1.1,69.8,
宁夏回族自治区,房地产住宅投资累计值(亿元),281.74,267.1,244.76,214.26,172.66,139.99,105.69,71.26,48.31,24.16,4.14,,300.41,285.89,260.85,229.28,195.77,162.69,131.81,85.71,58.59,22.73,1.94,,387.75,368.41,323.61,281.14,230.15,181.83,146.17,91.71,52.29,25.36,2.99,
宁夏回族自治区,房地产住宅投资累计增长(%),-6.2,-6.6,-6.2,-6.5,-11.8,-14,-19.8,-16.9,-17.5,6.3,114,,-22.5,-22.4,-19.4,-18.4,-14.9,-10.5,-9.8,-6.5,12,-10.4,-35.1,,-10.9,-8.8,-12,-14,-14,-6.1,-3.8,-4.7,-8.5,-12.8,46.1,
西藏自治区,房地产投资累计值(亿元),129.56,124.1,105.24,85.79,69.53,54.75,38.05,27.34,12.02,4.57,0.5,,92.6,91.75,75.1,60.87,53.38,40.65,27.66,9.99,5.69,3.42,0.11,,40.36,38.87,34.3,28.81,21.27,19.3,17.72,10.83,5.97,3.39,0.44,
西藏自治区,房地产投资累计增长(%),39.9,35.3,40.1,40.9,30.3,34.7,37.6,173.5,111,33.7,341.4,,129.4,136,118.9,111.3,151,110.6,56.1,-7.7,-4.6,0.8,-73.9,,-16.8,-15.7,-22.6,-28.1,-38,-20.8,1.6,5,2.5,61.3,236.2,
西藏自治区,房地产住宅投资累计值(亿元),96.87,92.92,78.16,63.32,51.64,41.57,29.29,20.8,8.7,3.64,0.22,,49.99,46.59,35.13,26.24,20.99,16.65,11.44,3.92,2.88,1.62,0.01,,20.1,19.53,17.7,16.85,12.02,10.92,9.62,6.26,3.13,1.95,0.24,
西藏自治区,房地产住宅投资累计增长(%),93.8,99.5,122.5,141.3,145.9,149.7,156,431.2,201.9,124.5,,,148.8,138.6,98.4,55.7,74.7,52.5,19,-37.5,-7.9,-16.6,-94.3,,-48.7,-47.5,-51.1,-48.7,-57.7,-46.4,-15.3,3.6,-24.8,25.9,,
浙江,房地产投资累计值(亿元),10682.97,9958.1,8984.13,8055.48,6960.02,6043.04,5166.87,3921.19,2965.27,2133.88,1205.26,,9944.93,9271.7,8325.59,7454.97,6462.62,5610.39,4795.03,3569.37,2664.73,1899.54,1010.54,,8226.78,7569.48,6798.75,6043.05,5197.42,4505.42,3861.39,2926.82,2210.81,1590.98,862.04,
浙江,房地产投资累计增长(%),7.4,7.4,7.9,8.1,7.7,7.7,7.8,9.9,11.3,12.3,19.3,,20.9,22.5,22.5,23.4,24.3,24.5,24.2,22,20.5,19.4,17.2,,10.1,11.2,10.7,11,10,10.3,10.2,10.3,9.6,9.2,9.2,
浙江,房地产住宅投资累计值(亿元),7727.11,7258.21,6536.59,5869.78,5074.69,4393.13,3765.29,2829.72,2129.06,1486.95,862.2,,7156.45,6706.61,6034.17,5409,4681.47,4032.13,3413.52,2500.68,1844.45,1307.3,657.96,,5645.98,5208.47,4692.81,4158.72,3568.56,3078.16,2611.66,1998.47,1511.66,1089.34,582.76,
浙江,房地产住宅投资累计增长(%),8,8.2,8.3,8.5,8.4,9,10.3,13.2,15.4,13.7,31,,26.8,28.8,28.6,30.1,31.2,31,30.7,25.1,22,20,12.9,,17.5,18,17.7,18.7,17.7,18.9,18.7,19.9,19.9,21.6,20,
广西壮族自治区,房地产投资累计值(亿元),3814.41,3323.41,2903.64,2574.82,2264.58,1957,1738.26,1271.92,958.23,657.44,284.6,,3004.13,2632.57,2303.63,2000.44,1761.73,1557.51,1367.68,997.56,750.44,512.89,233.88,,2683.48,2365.29,2038.68,1761.92,1564.81,1373.39,1217.67,882.68,676.53,464.05,215.59,
广西壮族自治区,房地产投资累计增长(%),27,26.2,26,28.7,28.5,25.6,27.1,27.5,27.7,28.2,21.7,,11.9,11.3,13,13.5,12.6,13.4,12.3,13,10.9,10.5,8.5,,11.9,16.8,20.3,21,23.5,24.4,29.3,31.9,33.1,31.9,26,
广西壮族自治区,房地产住宅投资累计值(亿元),2924.18,2569.74,2245.3,1982.86,1748.08,1514.17,1347.6,997.88,747.81,511.46,216.64,,2217.5,1951.15,1694.79,1464.63,1301.4,1151.19,1000.66,743.06,557.69,380.87,172.74,,1983.52,1744.54,1494.42,1293.69,1144.32,1000.64,885.82,649.17,502.12,335.25,157.11,
广西壮族自治区,房地产住宅投资累计增长(%),31.9,31.7,32.5,35.4,34.3,31.5,34.7,34.3,34.1,34.3,25.4,,11.8,11.8,13.4,13.2,13.7,15,13,14.5,11.1,13.6,10,,15,21.1,24.1,25.6,27.9,26.2,30.2,34.2,36.7,31.1,24.4,
内蒙古,房地产投资累计值(亿元),1041.95,1026.08,957.6,851.48,677.94,520.28,361,210.34,110.78,46.44,5.61,,882.85,875.14,827.04,744.38,605.64,483.99,341.22,185.27,93.35,39.61,8.19,,889.72,905.98,863.43,757.22,616.22,496.21,373.14,216.13,107.49,40.38,7.59,
内蒙古,房地产投资累计增长(%),18,17.2,15.8,14.4,11.9,7.5,5.8,13.5,18.7,17.2,-31.5,,-0.8,-3.4,-4.2,-1.7,-1.7,-2.5,-8.6,-14.3,-13.2,-1.9,7.9,,-21.5,-19.2,-15.9,-14.9,-13.1,-10.5,-8.3,7.9,10.6,9.7,3.7,
内蒙古,房地产住宅投资累计值(亿元),782.13,769.18,702.77,626.28,490.55,379.53,264.18,156.79,84,34.77,3.52,,641.99,637.17,601.15,538.56,437.35,347.51,244.6,138.16,71.78,29.48,5.06,,645.85,665.28,634.27,556.06,453,366.55,277.76,161.99,78.53,27.7,5.46,
内蒙古,房地产住宅投资累计增长(%),21.8,20.7,16.9,16.3,12.2,9.2,8,13.5,17,17.9,-30.4,,-0.6,-4.2,-5.2,-3.1,-3.5,-5.2,-11.9,-14.7,-8.6,6.4,-7.4,,-18.6,-15.2,-11.4,-9.4,-9.2,-6.5,-3.3,15.1,18.5,23.2,11.9,
辽宁,房地产投资累计值(亿元),2833.95,2763.92,2602.83,2372.82,2040.24,1769.68,1487.19,992.73,713.3,473.64,132.81,,2599.27,2502.16,2365.28,2169.2,1883.46,1616.73,1364.53,971.56,651.76,388.47,119.84,,2289.67,2261.15,2152.56,1955.7,1681.09,1418.83,1181.81,837.19,600.61,393.43,143.47,
辽宁,房地产投资累计增长(%),9,10.5,10,9.4,8.3,9.5,9,2.2,9.4,21.9,10.8,,13.5,10.7,9.9,10.9,12,13.9,15.5,16.1,8.5,-1.3,-16.5,,9.3,8.8,5.2,-0.6,-8,-14.3,-17.9,-21.2,-16.8,-10.5,-1.7,
辽宁,房地产住宅投资累计值(亿元),2188.35,2138.24,2013.38,1829.33,1563.39,1355.59,1150.15,773.67,548.78,358.73,103.26,,1944.46,1872.16,1770.28,1614.81,1400.06,1188.94,990.82,708.63,463.96,268.29,86.13,,1673.91,1645.63,1562.42,1420.27,1228.32,1033.03,856.92,603.91,430.78,285.39,102.95,
辽宁,房地产住宅投资累计增长(%),12.5,14.2,13.7,13.3,11.7,14,16.1,9.2,18.3,33.7,19.9,,16.2,13.8,13.3,13.7,14,15.1,15.6,17.3,7.7,-6,-16.3,,11.2,10.3,6.2,0,-7.2,-13.6,-17.7,-21.6,-18.3,-11.8,-6.5,
天津,房地产投资累计值(亿元),2727.82,2569.69,2423.81,2261.83,1970.46,1772.75,1549.36,1198.52,866.09,587.09,220.45,,2424.49,2231.18,2087.52,1893.4,1651.63,1489.22,1301.37,980.75,694.84,460.72,173.1,,2233.39,2121.29,2013.76,1899.12,1660.29,1424.55,1192.85,822.64,593.31,421.9,185.95,
天津,房地产投资累计增长(%),12.5,15.2,16.1,19.5,19.3,19,19.1,22.2,24.6,27.4,27.4,,8.6,5.2,3.7,-0.3,-0.5,4.5,9.1,19.2,17.1,9.2,-6.9,,-2.9,-2.9,0.3,4.2,2.9,0.8,-0.8,-4.4,-3.7,6,35.7,
天津,房地产住宅投资累计值(亿元),2200.01,2057.56,1946.38,1826.36,1589.04,1431.13,1258.05,986.22,690.11,478.64,171.94,,1863.5,1719.79,1595.67,1432.19,1240.1,1096.52,928.02,694.99,497.09,319.87,124.22,,1559.7,1486.2,1406.07,1323.46,1161.7,957.33,794.46,546.57,389.72,268.46,122.98,
天津,房地产住宅投资累计增长(%),18.1,19.6,22,27.5,28.1,30.5,35.6,41.9,38.8,49.6,38.4,,19.5,15.7,13.5,8.2,6.7,14.5,16.8,27.2,27.5,19.1,1,,-2.4,-1.9,1.1,5.9,5.4,-0.2,-1.7,-6.3,-4.6,3.8,23,
福建,房地产投资累计值(亿元),5673.13,5252.96,4773.63,4303.23,3730.74,3290.83,2826.9,2260.03,1796.77,1306.38,648.82,,4940.34,4522.27,4112.24,3685.11,3186.28,2804.84,2404.92,1898.48,1502.59,1109.32,550.79,,4794.23,4385.97,3989.1,3539.09,3098.12,2714.79,2365.93,1797.84,1423.98,1076.52,548.97,
福建,房地产投资累计增长(%),14.8,16.2,16.1,16.8,17.1,17.3,17.5,19,19.6,17.8,17.8,,3,3.1,3.1,4.1,2.8,3.3,1.6,5.6,5.5,3,0.3,,4.5,4.2,4.9,2.4,1.7,2.2,2.2,-0.9,0.4,-1.7,-7.9,
福建,房地产住宅投资累计值(亿元),4076.31,3787.25,3447.37,3112.51,2688.41,2362.13,2016.74,1583.76,1241.31,892.9,456.85,,3456.86,3153.12,2867.59,2576.23,2228.65,1957.43,1652.49,1288.26,1020.41,746.84,368.71,,3236.51,2957.02,2683.36,2390.76,2089.25,1806.35,1557.69,1136.81,916.77,697.89,356.79,
福建,房地产住宅投资累计增长(%),17.9,20.1,20.2,20.8,20.6,20.7,22,22.9,21.6,19.6,23.9,,6.8,6.6,6.9,7.8,6.7,8.4,6.1,13.3,11.3,7,3.3,,7.9,7.6,8.9,7.1,6.9,6.4,4,-2.2,1.6,-1.5,-6.8,
吉林,房地产投资累计值(亿元),1315.52,1263.37,1164.14,1014.42,830.4,633.5,477.49,319.06,118.86,45.9,11.88,,1175.88,1129.86,1007.45,869.32,696.86,532.86,375.96,253.72,98.33,35.78,10.44,,910.14,868.3,787.66,676.66,549.78,433.8,321.28,193.65,87.3,33.05,10.12,
吉林,房地产投资累计增长(%),11.9,11.8,15.6,16.7,19.2,18.9,27,25.8,20.9,28.3,13.8,,29.2,30.1,27.9,28.5,26.8,22.8,17,31,12.6,8.2,3.1,,-10.5,-10.4,-11.3,-10,-3.9,2.3,8,4.9,2,11.2,8.2,
吉林,房地产住宅投资累计值(亿元),970.99,931.02,860.63,737.25,605.23,466.58,358.53,241.68,91.21,35.14,9.16,,841.02,804.89,732.3,639.25,513.82,390.53,274.89,183.79,70.27,25.86,8.19,,633.55,608.12,553.04,474.52,388.42,305.51,225.63,134.57,59.7,23.35,7.33,
吉林,房地产住宅投资累计增长(%),15.5,15.7,17.5,15.3,17.8,19.5,30.4,31.5,29.8,35.9,11.9,,32.7,32.4,32.4,34.7,32.3,27.8,21.8,36.6,17.7,10.8,11.8,,-10.9,-9.9,-11.1,-9.5,-0.7,5.3,11.2,7.5,5.1,12.8,7.9,
四川,房地产投资累计值(亿元),6573.24,6011.53,5474.79,4872.45,4215.66,3615.8,3101.11,2392.65,1840.71,1308.31,736.71,,5697.87,5178.32,4657.49,4158.62,3563.38,3076.77,2646.54,2065.46,1571.11,1125.61,652.61,,5149.89,4779.9,4371.46,3977.28,3517.77,3094.62,2691.98,2137.94,1629.36,1179.46,662.38,
四川,房地产投资累计增长(%),15.4,16.1,17.5,17.2,18.3,17.5,17.2,15.8,17.2,16.2,12.9,,10.6,8.3,6.5,4.6,1.3,-0.6,-1.7,-3.4,-3.6,-4.6,-1.5,,-2.5,-2.8,-2.7,-1.7,0.4,2,2.6,2.4,4.2,0.9,9.6,
四川,房地产住宅投资累计值(亿元),4665.31,4268.16,3878.88,3444.56,2976.54,2549.75,2175.51,1680.81,1280.73,906.55,506.13,,3764.71,3413.73,3053.69,2719.57,2319.46,1992.43,1697.94,1322.79,1006.12,712.34,412.21,,3182.34,2943,2685.81,2438.53,2155.4,1894.56,1637.91,1306.14,999.81,728.41,416.22,
四川,房地产住宅投资累计增长(%),23.9,25,27,26.7,28.3,28,28.1,27.1,27.3,27.3,22.8,,18.3,16,13.7,11.5,7.6,5.2,3.7,1.3,0.6,-2.2,-1,,-0.1,-0.4,-0.2,0.8,3.4,4.8,5.6,4.9,7.3,4.4,13.1,
云南,房地产投资累计值(亿元),4151.41,3658.06,3200.21,2843.93,2407.85,2043.45,1729.11,1313.43,993.7,740.48,337.58,,3247.23,2915.67,2576.96,2192.86,1832.35,1598.34,1342.21,989.21,779.86,571.71,265.39,,2786.25,2552.29,2234.3,1935.99,1644.1,1430.24,1224.33,911.42,705.44,502.78,242.92,
云南,房地产投资累计增长(%),27.8,25.5,24.2,29.7,31.4,27.8,28.8,32.8,27.4,29.5,27.2,,16.5,14.2,15.3,13.3,11.5,11.8,9.6,8.5,10.5,13.7,9.3,,3.6,4.7,5,0.9,-1.6,-3.4,-2.5,2.1,1.4,3.6,1,
云南,房地产住宅投资累计值(亿元),3028.96,2685.96,2352.36,2091.52,1769.01,1479.28,1254.05,957.4,722.26,541.51,246.9,,2115.17,1885.88,1645.41,1388.54,1164.28,1014.23,836.21,618.25,482.68,350.1,167.77,,1743.91,1577.17,1371.48,1188.29,994.11,867.7,737.63,541.33,414.34,292.29,139.12,
云南,房地产住宅投资累计增长(%),43.2,42.4,43,50.6,51.9,45.9,50,54.9,49.6,54.7,47.2,,21.3,19.6,20,16.9,17.1,16.9,13.4,14.2,16.5,19.8,20.6,,6.6,6.5,5.5,1.3,-3.1,-5.2,-7.5,-4.9,-5.2,-4.9,-9.4,
安徽,房地产投资累计值(亿元),6670.48,6160.13,5722.98,5278.95,4671.79,4022.94,3387.07,2640.37,1945.61,1315.92,706.07,,5974.11,5538.02,5161.66,4748.56,4208.32,3623.83,3067.76,2405.6,1782.42,1222.83,650.86,,5612.47,5075.51,4594.42,4085.37,3495.25,2955.72,2503.8,1966.51,1464.29,997.49,535.17,
安徽,房地产投资累计增长(%),11.7,11.2,10.9,11.2,11,11,10.4,9.8,9.2,7.6,8.5,,6.4,9.1,12.3,16.2,20.4,22.6,22.5,22.3,21.7,22.6,21.6,,21.9,22.3,21.6,20.9,17.8,14.5,14.3,15,13.7,8.9,7.1,
安徽,房地产住宅投资累计值(亿元),5248.06,4840.86,4496.7,4149.05,3636.22,3126.84,2630.12,2046.1,1496.64,1013.69,539.48,,4563.41,4228.17,3940.08,3612.64,3184.06,2721.85,2292.08,1791.77,1319.72,896.61,481.47,,4007,3627.71,3293.2,2927.48,2479.92,2092.38,1754.42,1359.15,999.19,684.03,364.58,
安徽,房地产住宅投资累计增长(%),15,14.5,14.1,14.8,14.2,14.9,14.7,14.2,13.4,13.1,12,,13.9,16.6,19.6,23.4,28.4,30.1,30.6,31.8,32.1,31.1,32.1,,30.5,31.5,32.8,32.6,27.2,22.8,20.9,20,16.5,16.2,12.8,
重庆,房地产投资累计值(亿元),4439.3,4034.95,3669.24,3321.82,2829.97,2454.17,2127.93,1634.12,1236.6,878.23,477.2,,4248.76,3861.25,3469.47,3134.65,2632.02,2272.61,1967.85,1461.72,1099.66,798.12,413.64,,3980.08,3575.3,3193.17,2880.42,2427.33,2085.12,1789.24,1333.59,1015.95,740.66,392.87,
重庆,房地产投资累计增长(%),4.5,4.5,5.8,6,7.5,8,8.1,11.8,12.5,10,15.4,,6.8,8,8.7,8.8,8.4,9,10,9.6,8.2,7.8,5.3,,6.8,7.9,7.7,7.5,6.4,4.6,3.8,0.9,0.4,-0.8,-1.8,
重庆,房地产住宅投资累计值(亿元),3246.77,2960.86,2684.54,2415.76,2056.73,1768.27,1531.94,1180.57,879.72,612.92,346.02,,3012.65,2765.18,2486.85,2247.11,1867.11,1615.4,1393.29,1026.32,756.99,543.5,259.22,,2632.88,2355,2106.48,1894.67,1603.43,1359.64,1167.52,872.34,645.3,474.62,242,
重庆,房地产住宅投资累计增长(%),7.8,7.1,7.9,7.5,10.2,9.5,10,15,16.2,12.8,33.5,,14.4,17.4,18.1,18.6,16.4,18.8,19.3,17.7,17.3,14.5,7.1,,13.5,15.2,15.3,14.8,14.2,10.3,10,7.2,5.6,7.6,0.6,
贵州,房地产投资累计值(亿元),2990.81,2769.57,2471.9,2194.21,1937.88,1655.51,1404.28,1014.27,778.21,562.9,275.71,,2349.23,2196.54,1915.91,1728.81,1574.89,1387.98,1182.56,879.18,670.08,479.84,233.59,,2201,2016.42,1741.23,1557.18,1375.95,1268.3,1119.16,827.86,652.93,489.83,233.83,
贵州,房地产投资累计增长(%),27.3,26.1,29,26.9,23,19.3,18.7,15.4,16.1,17.3,18,,6.7,8.9,10,11,14.5,9.4,5.7,6.2,2.6,-2,-0.1,,2.4,0.8,-1.7,-2.5,-2.1,2.7,4.4,2.3,7.4,14.6,11.1,
贵州,房地产住宅投资累计值(亿元),2078.37,1951.14,1731.77,1540.92,1354.06,1139.56,965.3,688.44,523.15,370.23,189.08,,1557.85,1446.11,1270.9,1137.38,1031.72,903.27,756.62,569.89,433.34,309.4,146.36,,1365.33,1256.82,1086.71,973.74,859.98,790.48,692.14,513.1,403.84,304.95,142.11,
贵州,房地产住宅投资累计增长(%),33.4,34.9,36.3,35.5,31.2,26.2,27.6,20.8,20.7,19.7,29.2,,14.1,15.1,16.9,16.8,20,14.3,9.3,11.1,7.3,1.5,3,,9.8,8.7,6.7,6.1,6.3,11.2,12.7,10.8,15.5,23.6,16,
湖南,房地产投资累计值(亿元),4445.47,4005.53,3576.93,3130.85,2653.36,2220.38,1867.66,1389.01,1032.57,686.88,370.97,,3945.95,3531.17,3142.87,2738.47,2314.56,1930.29,1614.93,1186.25,878.22,598.71,316.45,,3426.13,3060.06,2701.52,2368.03,2031.56,1734.03,1466.42,1071.89,770.77,525.34,281.51,
湖南,房地产投资累计增长(%),12.7,13.4,13.8,14.3,14.6,15,15.6,17.1,17.6,14.7,17.2,,15.2,15.4,16.3,15.6,13.9,11.3,10.1,10.7,13.9,14,12.4,,15.9,15,15.4,14.9,15.9,15.1,14.7,15.2,10.1,4.5,12.8,
湖南,房地产住宅投资累计值(亿元),3197.35,2866.7,2547.7,2214.21,1878.77,1568.38,1309.76,977.37,716.61,483.29,262.43,,2764.48,2458.84,2183.41,1897.41,1599,1337.15,1115.29,811.53,604.33,407.33,217.11,,2194.41,1941.72,1694.03,1467.66,1248.96,1082.22,902.77,666.54,487.49,345.02,186.67,
湖南,房地产住宅投资累计增长(%),15.7,16.6,16.7,16.7,17.5,17.3,17.4,20.4,18.6,18.6,20.9,,26,26.6,28.9,29.3,28,23.6,23.5,21.8,24,18.1,16.3,,17.3,15.3,14.2,11.8,11.4,11.5,8.2,7,4,3.7,9.2,
海南,房地产投资累计值(亿元),1336.18,1141.97,987.27,863.35,753.87,659.52,565.33,453.65,358.55,270.43,148.72,,1715.04,1525.03,1339.35,1200.83,1087.28,957.84,823.86,677.14,543.59,413.54,229.91,,2053.11,1748.68,1568.5,1414.62,1251.97,1052.18,893.15,659.23,487.72,355.17,202.74,
海南,房地产投资累计增长(%),-22.1,-25.1,-26.3,-28.1,-30.7,-31.1,-31.4,-33,-34,-34.6,-35.3,,-16.5,-12.8,-14.6,-15.1,-13.2,-9,-7.8,2.7,11.5,16.4,13.4,,14.9,10.5,11,11.5,14.1,9.7,10.3,7.8,10.4,13.3,14,
海南,房地产住宅投资累计值(亿元),1034.86,884.32,761.34,654.42,574.53,501.55,434.37,354.78,282.08,211.04,116.11,,1310.51,1183.51,1037.47,932.91,841.04,738.24,630.95,518.83,417.03,312.79,177.61,,1477.53,1256.98,1120.68,1000.33,886.29,760.38,651.43,499.82,378.36,274.51,151.39,
海南,房地产住宅投资累计增长(%),-21,-25.3,-26.6,-29.9,-31.7,-32.1,-31.2,-31.6,-32.4,-32.5,-34.6,,-11.3,-5.8,-7.4,-6.7,-5.1,-2.9,-3.1,3.8,10.2,13.9,17.3,,12.1,8.2,7.7,6.4,8.2,4.9,5.8,9.5,14.7,20,23.5,
湖北,房地产投资累计值(亿元),5111.73,4699.57,4356.88,3927.55,3432.74,2969.17,2599.74,1856.9,1432,978.39,421.12,,4693.12,4303.29,3991.96,3608.69,3177.43,2757.34,2409.34,1714.57,1317.01,915.49,394.4,,4574.89,4231.61,3813.01,3448.34,2975.05,2567.73,2220.14,1547.73,1162.96,806.53,367.12,
湖北,房地产投资累计增长(%),8.9,9.2,9.1,8.8,8,7.7,7.9,8.3,8.7,6.9,6.8,,2.6,1.7,4.7,4.7,6.8,7.4,8.5,10.8,13.2,13.5,7.4,,6.5,8.6,8.4,8.6,8.1,8.8,13.3,14.1,15.2,15.5,13.1,
湖北,房地产住宅投资累计值(亿元),3954.72,3620.95,3360.09,3020.06,2637.94,2266.8,1963.91,1415.85,1084.44,742.68,321.99,,3464.59,3156.43,2933.09,2627.79,2311.07,1999.58,1736.96,1257.26,951.75,653.25,280.78,,3235.42,2994.54,2675.74,2420.27,2083.61,1798.72,1553.76,1086.42,816.92,550.55,264.9,
湖北,房地产住宅投资累计增长(%),14.1,14.7,14.6,14.9,14.1,13.4,13.1,12.6,13.9,13.7,14.7,,7.1,5.4,9.6,8.6,10.9,11.2,11.8,15.7,16.5,18.7,6,,7.4,10.2,8.2,8.1,6.9,7.7,11.3,12.1,11.7,6.9,10.4,
江西,房地产投资累计值(亿元),2239.11,2083.23,1895.22,1709.74,1477.49,1247.72,1025.11,816.08,623.9,440.9,241.04,,2174.93,2019.53,1818.39,1620.73,1378.77,1173.11,973.01,750.06,569.87,405.5,226.95,,2013.98,1839.79,1660.02,1479.97,1265.73,1083.58,906.41,706.41,530.78,386.59,217.04,
江西,房地产投资累计增长(%),3,3.2,4.2,5.5,7.2,6.4,5.4,8.8,9.5,8.7,6.2,,8,9.8,9.5,9.5,8.9,8.3,7.3,6.2,7.4,4.9,4.6,,13.7,14.6,15.5,15.4,16,17.9,18,18.4,20.5,23.8,14.4,
江西,房地产住宅投资累计值(亿元),1687.18,1572.67,1425.36,1288.02,1103.02,937.37,772.44,612.71,466.36,327.95,178.45,,1590.64,1478.45,1332.15,1180.84,994.09,844.61,707.02,538.49,403.47,284.78,154.43,,1391.79,1271.35,1145.19,1016.62,863.1,736.94,619.04,485.28,365.13,270.21,148.92,
江西,房地产住宅投资累计增长(%),6.1,6.4,7,9.1,11,11,9.3,13.8,15.6,15.2,15.6,,14.3,16.3,16.3,16.2,15.2,14.6,14.2,11,10.5,5.4,3.7,,11.6,11.9,12.5,12.4,12.8,14.7,14.1,14.7,17.5,22.3,11.1,
广东,房地产投资累计值(亿元),15852.16,14343.82,12811.89,11464.44,9820.94,8462.79,7255.6,5277.18,3922.38,2778.68,1561.05,,14412.19,12918.86,11524.11,10295.15,8869.07,7606.05,6454.56,4657.06,3461.34,2462.38,1354.25,,12075.69,10842.74,9680.48,8586.35,7329.01,6308.9,5370.26,3919.7,2856.84,2004.11,1112.53,
广东,房地产投资累计增长(%),10,11,11.2,11.4,10.7,11.3,12.4,13.3,13.3,12.8,15.3,,19.3,19.1,19,19.9,21,20.6,20.2,18.8,21.2,22.9,21.7,,17.2,18.1,17.8,18.9,18.2,18.8,19,16.7,21.2,21.7,12.2,
广东,房地产住宅投资累计值(亿元),10852.77,9847.35,8849.77,7949.38,6798.67,5872.79,5013.93,3644.72,2723.3,1931.94,1084.45,,9757.86,8768.7,7857.8,7058.84,6079.38,5209.77,4462.56,3194.52,2386.35,1703.16,923.12,,8100.93,7231.18,6437.4,5715.25,4881.77,4211.24,3590.15,2619.81,1908.2,1360.75,712.5,
广东,房地产住宅投资累计增长(%),11.2,12.3,12.6,12.6,11.8,12.7,12.4,14.1,14.1,13.4,17.5,,20.5,21.3,22.1,23.5,24.5,23.7,24.3,21.9,25.1,25.2,29.6,,16.1,15.7,15,16.6,16.4,17.2,16.7,13.6,17.8,21.5,1.9,
北京,房地产投资累计值(亿元),3838.38,3489.97,3116.38,2740.89,2346.46,2031.95,1664.33,1212.43,880.84,658.7,339.41,,3873.35,3409.47,3002.94,2565.48,2114.99,1766.64,1429.88,1052.13,708.94,531.4,281.46,,3692.54,3218.5,2920.07,2600.71,2201.78,1855.39,1528.9,1169.59,857.87,607.14,288.78,
北京,房地产投资累计增长(%),-0.9,2.4,3.8,6.8,10.9,15,16.4,15.2,24.2,24,20.6,,4.9,5.9,2.8,-1.4,-3.9,-4.8,-6.5,-10,-17.4,-12.5,-2.5,,-7.7,-9.4,-7.8,-3.5,-2.4,-5,-4.9,-0.5,-8.2,-8.4,-4.6,
北京,房地产住宅投资累计值(亿元),2039.76,1868.33,1678,1485.94,1279.89,1106.72,913.9,666.73,490.6,372.67,186.54,,2026.06,1758.45,1515.26,1251.44,1011.37,832.51,683.79,479.69,311.47,234.54,126.25,,1694.67,1470.89,1342.31,1221.84,1048.88,866.67,722.95,562.47,411.54,309.26,144.14,
北京,房地产住宅投资累计增长(%),0.7,6.2,10.7,18.7,26.6,32.9,33.7,39,57.5,58.9,47.8,,19.6,19.6,12.9,2.4,-3.6,-3.9,-5.4,-14.7,-24.3,-24.2,-12.4,,-12,-14.1,-12.7,-6.7,-3.6,-4.5,-0.8,9,1.5,4.6,13.1,
山西,房地产投资累计值(亿元),1656.5,1521.96,1391.15,1240.17,1073.28,916.53,753.27,495.42,324.58,197.09,60.73,,1376.59,1267.76,1167.14,1055.66,921.22,771.15,642.19,420.38,274.39,161.73,47.49,,1166.28,1087.17,1005.83,918.58,807.82,711.02,568.07,379.49,251.77,142.13,41.53,
山西,房地产投资累计增长(%),20.3,20.1,19.2,17.5,16.5,18.9,17.3,17.8,18.3,21.9,27.9,,18,16.6,16,14.9,14,8.5,13,10.8,9,13.8,14.4,,-27,-25,-22.2,-19.6,-15,-5.3,2,3.6,10.3,7.9,10.7,
山西,房地产住宅投资累计值(亿元),1296.48,1187.23,1080.03,959.74,826.01,701.51,582.3,388.33,251.52,153.35,47.49,,1033.76,950.08,870.41,788.32,687.18,570.43,469.55,310.53,201.82,121.5,36.48,,846.38,799.56,737.02,670.16,585.43,510.25,407.98,273.56,180.47,103.01,30.57,
山西,房地产住宅投资累计增长(%),25.4,25,24.1,21.7,20.2,23,24,25.1,24.6,26.2,30.2,,22.1,18.8,18.1,17.6,17.4,11.8,15.1,13.5,11.8,18,19.3,,-25.8,-22.9,-20.3,-17.8,-14.3,-5.4,1.6,2.5,9.7,8.3,10.6,
上海,房地产投资累计值(亿元),4231.38,3749.96,3348.76,2966.42,2584.23,2230.3,1883.14,1536.63,1230.08,937.11,626.88,,4033.18,3573.56,3201.44,2853.66,2491.14,2153.97,1816.91,1478.17,1182.39,909.39,605.44,,3856.53,3412.34,3054.15,2709.62,2364.85,2057.67,1753.81,1434.97,1135.52,869.62,550.01,
上海,房地产投资累计增长(%),4.9,4.9,4.6,4,3.7,3.5,3.6,4,4,3,3.5,,4.6,4.7,4.8,5.3,5.3,4.7,3.6,3,4.1,4.6,10.1,,4,3,3.7,5,4.5,4.9,4.1,6.4,7.1,8.6,10,
上海,房地产住宅投资累计值(亿元),2318.13,2068.78,1850.71,1654.42,1431.15,1230.24,1038.63,854.76,676.17,502.34,333.96,,2225.92,1959.56,1763.34,1575.52,1367.1,1180.94,997.4,810.37,646.07,491,321.18,,2152.4,1917.13,1704.47,1524.57,1324.4,1146.54,957.99,765.9,580.89,430.43,276.17,
上海,房地产住宅投资累计增长(%),4.1,5.6,5,5,4.7,4.2,4.1,5.5,4.7,2.3,4,,3.4,2.2,3.5,3.3,3.2,3,4.1,5.8,11.2,14.1,16.3,,9.5,7.5,7.3,10.1,9.2,7.9,4.5,4.3,2.2,4.6,2.7,
陕西,房地产投资累计值(亿元),3903.65,3531.72,3167.66,2788.23,2324.71,1985.1,1681.61,1129.66,779.35,518.85,228.91,,3534.67,3241.91,2913.02,2589.95,2160.24,1817.11,1513.87,930.31,630.9,416.67,197.73,,3101.97,2814.84,2459.68,2196.83,1855.42,1581.6,1363,870.78,611,406.47,184.05,
陕西,房地产投资累计增长(%),10.4,8.9,8.7,7.7,7.6,9.2,11.1,21.4,23.5,24.5,15.8,,13.9,15.2,18.4,17.9,16.4,14.9,11.1,6.8,3.3,2.5,7.4,,13.3,14.5,11.6,10,7.8,10.4,16.4,22,21.4,19.5,10.7,
陕西,房地产住宅投资累计值(亿元),2957.08,2675.14,2395.95,2104.49,1749.5,1490.52,1257.64,816.93,573.98,393.73,173.61,,2411.55,2196.96,1971.54,1772.04,1479.35,1259.29,1040.53,654.73,444.41,295.98,141.41,,2145.56,1942.68,1714.95,1536.46,1301.39,1115.23,962.86,619.76,433.94,283.47,125.79,
陕西,房地产住宅投资累计增长(%),22.6,21.8,21.5,18.8,18.3,18.4,20.9,24.8,29.2,33,22.8,,12.4,13.1,15,15.3,13.7,12.9,8.1,5.6,2.4,4.4,12.4,,12,12.8,10.5,9,6.4,9.6,15.5,20,19.2,16.2,5.5,
黑龙江,房地产投资累计值(亿元),958.01,911.31,811.68,705.75,546.93,441.79,339.17,184.46,82.38,27.06,2.02,,944.4,901.51,807.38,686.83,533.88,414.28,303.77,171.94,76.73,24.69,2.04,,815.6,770.54,677.21,564.22,424.58,326.26,233.63,134.72,58.77,16.91,2.57,
黑龙江,房地产投资累计增长(%),1.4,1.1,0.5,2.8,2.4,6.6,11.7,7.3,7.4,9.6,-0.6,,15.8,17,19.2,21.7,25.7,27,30,27.6,30.6,46,-20.7,,-5.7,-3.7,-3.2,-3.6,-9.1,-13.8,-17,-4.4,2.5,-0.2,-30.6,
黑龙江,房地产住宅投资累计值(亿元),687.83,655.15,598.17,522.4,398.48,323.4,252.15,145.31,65.5,19.88,1.6,,647.77,616.89,546.47,459.97,353.4,272.57,199.69,105.59,47.91,15.81,1.2,,554.7,527.5,460.58,388.47,297.72,230.64,165.06,91.4,39.74,10.99,1.72,
黑龙江,房地产住宅投资累计增长(%),6.2,6.2,9.5,13.6,12.8,18.6,26.3,37.6,36.7,25.7,33.4,,16.8,16.9,18.6,18.4,18.7,18.2,21,15.5,20.6,44,-30.2,,-7.2,-5.1,-5.5,-4.2,-8.1,-12.5,-16,-9,7.3,11.3,-6.1,
甘肃,房地产投资累计值(亿元),1257.85,1172.47,1055.73,923.19,739.76,604.99,480.02,304.92,185.4,106.34,34.42,,1116.39,1054.72,965.85,849.49,696.83,572.87,461.23,267.62,167.73,89.1,28.93,,944.52,894.73,818.51,719.2,625.96,520.54,415.9,260.33,140.58,73.07,21.82,
甘肃,房地产投资累计增长(%),12.7,11.2,9.3,8.7,6.2,5.6,4.1,13.9,10.5,19.3,19,,18.2,17.9,18,18.1,11.3,10.1,10.9,2.8,19.3,21.9,32.5,,11.1,12.5,12.8,15.1,19.1,19.3,18.7,16.9,7.9,7.1,10.6,
甘肃,房地产住宅投资累计值(亿元),865.93,808.64,721.07,624.97,492.97,397.73,312.21,199.68,123.38,69.08,21.55,,672.35,636.85,578.59,506.58,417.07,343.88,274.9,160.54,98.95,52.11,16.6,,601.25,570.41,524.47,462.16,402.76,336.05,264.93,168.59,90.63,46.8,13.83,
甘肃,房地产住宅投资累计增长(%),28.8,27,24.6,23.4,18.2,15.7,13.6,24.4,24.7,32.6,29.8,,11.8,11.6,10.3,9.6,3.6,2.3,3.8,-4.8,9.2,11.3,20,,6.7,7.6,8.1,9.8,12.9,14,11.1,10.4,-1.2,-4.5,7.2,
江苏,房地产投资累计值(亿元),12009.35,11202.58,10226.99,9239.16,8139.47,7150.06,6090.86,4927.49,3803.35,2732.1,1511.82,,10982.34,10300.57,9447.66,8625.22,7580.55,6699.18,5653.34,4632.74,3526.89,2603.65,1467.79,,9629.11,8877.99,8112.45,7333.46,6446.31,5658.05,4847.89,3884.43,2952.29,2176.34,1277.4,
江苏,房地产投资累计增长(%),9.4,8.8,8.2,7.1,7.4,6.7,7.7,6.4,7.8,4.9,3,,14.1,16,16.5,17.6,17.6,18.4,16.6,19.3,19.5,19.6,14.9,,7.5,7.4,8.4,9.7,9.7,8.8,7.8,10.1,9.8,9.8,10,
江苏,房地产住宅投资累计值(亿元),9461.98,8832.27,8049.23,7257.65,6390.22,5609.78,4773.64,3864.42,2965.13,2140.04,1176.89,,8366.18,7862.72,7194.77,6568.3,5753.07,5069.01,4254.93,3479.82,2627.6,1926.28,1090.29,,7315.28,6729.45,6147.74,5548.33,4876.23,4269.01,3646.71,2907.76,2202.5,1629.04,950.42,
江苏,房地产住宅投资累计增长(%),13.1,12.3,11.9,10.5,11.1,10.7,12.2,11.1,12.8,11.1,7.9,,14.4,16.8,17,18.4,18,18.7,16.7,19.7,19.3,18.2,14.7,,10.4,9.9,11.4,12.6,12.6,11.5,10.7,12.4,11.2,11.7,11.1,
山东,房地产投资累计值(亿元),8614.89,7948.48,7179.87,6384.89,5588.14,4854.95,4072.71,3069.68,2265.87,1543.5,766.1,,7552.97,6921.89,6250.46,5590.83,4888.04,4243.9,3550.31,2641.13,1933.81,1287,615,,6637.25,6122.99,5570.35,4985.28,4347.29,3789.44,3197.55,2385.71,1751.4,1159.6,573.15,
山东,房地产投资累计增长(%),14.1,14.8,14.9,14.2,14.3,14.4,14.7,16.2,17.2,19.9,24.6,,13.8,13,12.2,12.1,12.4,12,11,10.7,10.4,11,7.3,,5,7.4,8.6,8.8,9.5,9.8,10.1,9.6,9.4,9.5,8.7,
山东,房地产住宅投资累计值(亿元),6672.22,6142.64,5545.87,4931.82,4310.1,3731.27,3119.67,2348.37,1730.5,1184.65,578.55,,5717.52,5242.33,4727.29,4218.13,3687.72,3188.25,2660.81,1984.01,1454.25,964.9,453.48,,4929.53,4538.7,4112.25,3683.2,3205.01,2790.44,2343.28,1737.77,1269.74,847.31,424.92,
山东,房地产住宅投资累计增长(%),16.7,17.2,17.3,16.9,16.9,17,17.2,18.4,19,22.8,27.6,,16,15.5,15,14.5,15.1,14.3,13.6,14.2,14.5,13.9,6.7,,5.1,7.6,8.5,9.3,10.4,10.9,11.1,8.3,7,9.9,9.5,